<?xml version="1.0" encoding="UTF-8"?>
<project-private xmlns="http://www.netbeans.org/ns/project-private/1">
    <editor-bookmarks xmlns="http://www.netbeans.org/ns/editor-bookmarks/2" lastBookmarkId="0"/>
    <open-files xmlns="http://www.netbeans.org/ns/projectui-open-files/2">
        <group>
            <file>file:/E:/wamp64/www/ci-angular/app/directive.js</file>
            <file>file:/E:/wamp64/www/ci-angular/app/controllers/admin/ModalInstanceCtrl.js</file>
            <file>file:/E:/wamp64/www/ci-angular/app/controllers/admin/ProductController.js</file>
            <file>file:/E:/wamp64/www/ci-angular/application/views/admintemplates/addEditProduct.html</file>
            <file>file:/E:/wamp64/www/ci-angular/application/views/admintemplates/imagesModal.html</file>
        </group>
    </open-files>
</project-private>
